INSERT INTO ORGANIZATION (ID, NAME, MASTER) VALUES ('871cdf06-1e2f-4673-adaf-788ea8c94ce6', 'A', 1);
INSERT INTO ORGANIZATION (ID, NAME, MASTER) VALUES ('bf14e48c-da8b-42a7-a410-4e3432974733', 'B', 0);
INSERT INTO ORGANIZATION (ID, NAME, MASTER) VALUES ('7d715ffb-5f3f-4d56-b1dc-77a8388b67fd', 'C', 0);
INSERT INTO ADMIN (ID, FIRST_NAME, LAST_NAME, EMAIL, PASSWORD, ORGANIZATION_ID) VALUES ('c6fb82e1-c80b-40e7-9b5e-c9aa72843093', 'Pera', 'Peric', 'pera@peramail.com', 'b85e422ca68a294c154138d92e8b5cbb3487bbf53adc5129aaf0c0e6b74ffe3d', 'bf14e48c-da8b-42a7-a410-4e3432974733');
INSERT INTO ADMIN (ID, FIRST_NAME, LAST_NAME, EMAIL, PASSWORD, ORGANIZATION_ID) VALUES ('34ad7173-791c-40c8-ac3b-23f09a4a3955', 'Mika', 'Mikic', 'mika@mikinmail.com', '93fa83b657b2b23e4b6dac0c188cc49b41429975fc9b838e3a42b17ee96be658', 'bf14e48c-da8b-42a7-a410-4e3432974733');
INSERT INTO ADMIN (ID, FIRST_NAME, LAST_NAME, EMAIL, PASSWORD, ORGANIZATION_ID) VALUES ('5426d3a5-b31a-4b45-b5d4-854fcb3fe234', 'Zora', 'Zoric', 'zora@zokinmail.com', 'd6bb1f3963cb1d284c554c9c5b401124bda8e14c0dc0a91bc36cdde8188cf54f', 'bf14e48c-da8b-42a7-a410-4e3432974733');
INSERT INTO ADMIN (ID, FIRST_NAME, LAST_NAME, EMAIL, PASSWORD, ORGANIZATION_ID) VALUES ('cb1de02d-e686-49aa-99a5-c3e64a9396d6', 'Sloba', 'Stankovic', 'sloba@slobinmail.com', '986dbc69485ebbe2e6802ae6ae451cfa8be8c313287693d01fded02d740f4be6', '7d715ffb-5f3f-4d56-b1dc-77a8388b67fd');
INSERT INTO ADMIN (ID, FIRST_NAME, LAST_NAME, EMAIL, PASSWORD, ORGANIZATION_ID) VALUES ('a3930f64-194e-4346-91e4-39cd5403cb7d', 'Jovana', 'Jovanovic', 'jovana@jovaninmail.com', '8cdf0f67e8e9cbae81a2de786b253a60677a7359ec6b40f5dc0089a70e4e800b', '7d715ffb-5f3f-4d56-b1dc-77a8388b67fd');
INSERT INTO ADMIN (ID, FIRST_NAME, LAST_NAME, EMAIL, PASSWORD, ORGANIZATION_ID) VALUES ('9ad905d4-5a1b-4652-a53a-9adf93091a73', 'Nemanja', 'Nemanjic', 'nemanja@nemanjinmail.com', '2576bc0e6e92413b53daaae0ace08940534b2494a58a733a2369fd2dc7108a7f', '7d715ffb-5f3f-4d56-b1dc-77a8388b67fd');
INSERT INTO PRODUCT (ID, NAME, DESCRIPTION, PRICE, ORGANIZATION_ID) VALUES ('a5687f97-b29d-44d2-9182-a7758bcfc556', 'Ves Masina', '5', 2000, '7d715ffb-5f3f-4d56-b1dc-77a8388b67fd');
INSERT INTO PRODUCT (ID, NAME, DESCRIPTION, PRICE, ORGANIZATION_ID) VALUES ('98c928d3-34c3-4584-bd85-22add8d2565d', 'Bojler', '4', 500, '7d715ffb-5f3f-4d56-b1dc-77a8388b67fd');
INSERT INTO PRODUCT (ID, NAME, DESCRIPTION, PRICE, ORGANIZATION_ID) VALUES ('3719b38f-c26c-4537-ad4c-061351e447c9', 'Sporet', '2', 1200, '7d715ffb-5f3f-4d56-b1dc-77a8388b67fd');
INSERT INTO PRODUCT (ID, NAME, DESCRIPTION, PRICE, ORGANIZATION_ID) VALUES ('4fb05748-1767-44c8-a5c8-cd37400c080b', 'Sudo Masina', '7', 800, '7d715ffb-5f3f-4d56-b1dc-77a8388b67fd');
INSERT INTO PRODUCT (ID, NAME, DESCRIPTION, PRICE, ORGANIZATION_ID) VALUES ('1e7ca900-a5ee-44f6-8541-2277bb003f66', 'Elektromotor', '5', 550, 'bf14e48c-da8b-42a7-a410-4e3432974733');
INSERT INTO PRODUCT (ID, NAME, DESCRIPTION, PRICE, ORGANIZATION_ID) VALUES ('e90a7563-e0f9-419f-a607-9ef4b5fbafb5', 'Energetski Kabel', '8', 100, 'bf14e48c-da8b-42a7-a410-4e3432974733');
INSERT INTO PRODUCT (ID, NAME, DESCRIPTION, PRICE, ORGANIZATION_ID) VALUES ('7ee7b53d-31b6-4c27-a815-c70062a41e16', 'Osigurac', '120', 20, 'bf14e48c-da8b-42a7-a410-4e3432974733');
INSERT INTO PRODUCT (ID, NAME, DESCRIPTION, PRICE, ORGANIZATION_ID) VALUES ('c69f4e6a-aa26-45c2-b5f7-4796f324b356', 'Kuciste', '20', 200, 'bf14e48c-da8b-42a7-a410-4e3432974733');
INSERT INTO ROLE (ID, NAME, ORGANIZATION_ID) VALUES ('c02a5e9c-32c6-47c3-85ab-477d644d0ece', 'Puna prava pristupa', 'bf14e48c-da8b-42a7-a410-4e3432974733');
INSERT INTO ROLE (ID, NAME, ORGANIZATION_ID) VALUES ('ac46964d-7c9e-4b1d-8dca-0126163774d6', 'Vidi Proizvode', 'bf14e48c-da8b-42a7-a410-4e3432974733');
INSERT INTO ROLE (ID, NAME, ORGANIZATION_ID) VALUES ('348aebd8-5148-4d3a-b7d4-e846167037c5', 'Dodavanje i menjanje', 'bf14e48c-da8b-42a7-a410-4e3432974733');
INSERT INTO ROLE (ID, NAME, ORGANIZATION_ID) VALUES ('95f73aee-8753-46a4-bea0-e4526b33b39d', 'Dodavanje i menjanje', '7d715ffb-5f3f-4d56-b1dc-77a8388b67fd');
INSERT INTO ROLE (ID, NAME, ORGANIZATION_ID) VALUES ('84cdc680-2b5c-40f5-b780-2e0554154588', 'Vidi Proizvode', '7d715ffb-5f3f-4d56-b1dc-77a8388b67fd');
INSERT INTO ROLE (ID, NAME, ORGANIZATION_ID) VALUES ('0f889f18-b9a5-422b-a9e7-ad58d3d55c2f', 'Puna prava pristupa', '7d715ffb-5f3f-4d56-b1dc-77a8388b67fd');
INSERT INTO ADMINROLE (ID, ADMIN_ID, ROLE_ID) VALUES ('60666f19-049f-4d84-9f43-5ca88e94d9f0', 'c6fb82e1-c80b-40e7-9b5e-c9aa72843093', 'c02a5e9c-32c6-47c3-85ab-477d644d0ece');
INSERT INTO ADMINROLE (ID, ADMIN_ID, ROLE_ID) VALUES ('3db0a56f-f59b-42bd-9a44-57d7397119cd', '34ad7173-791c-40c8-ac3b-23f09a4a3955', 'ac46964d-7c9e-4b1d-8dca-0126163774d6');
INSERT INTO ADMINROLE (ID, ADMIN_ID, ROLE_ID) VALUES ('3880ff04-faa3-44f5-a5b9-cb035665f8a6', '5426d3a5-b31a-4b45-b5d4-854fcb3fe234', 'ac46964d-7c9e-4b1d-8dca-0126163774d6');
INSERT INTO ADMINROLE (ID, ADMIN_ID, ROLE_ID) VALUES ('1e6d46ec-4b01-4e79-9b9e-a0e38c7a47be', 'cb1de02d-e686-49aa-99a5-c3e64a9396d6', '0f889f18-b9a5-422b-a9e7-ad58d3d55c2f');
INSERT INTO ADMINROLE (ID, ADMIN_ID, ROLE_ID) VALUES ('113a71c3-f42b-4e9b-91f4-09d648083b20', 'a3930f64-194e-4346-91e4-39cd5403cb7d', '95f73aee-8753-46a4-bea0-e4526b33b39d');
INSERT INTO ADMINROLE (ID, ADMIN_ID, ROLE_ID) VALUES ('fbee8f2a-dc37-4ffe-8723-1d02fd93917c', '9ad905d4-5a1b-4652-a53a-9adf93091a73', '84cdc680-2b5c-40f5-b780-2e0554154588');
INSERT INTO PERMISSION (ID, ENTITY, OPERATION, ROLE_ID) VALUES ('17cae85c-1015-4615-8fb0-6461165ef5af', 'PRODUCT', 'CREATE', 'c02a5e9c-32c6-47c3-85ab-477d644d0ece');
INSERT INTO PERMISSION (ID, ENTITY, OPERATION, ROLE_ID) VALUES ('5dd95820-0af9-4548-88d9-44826179b3de', 'PRODUCT', 'READ', 'c02a5e9c-32c6-47c3-85ab-477d644d0ece');
INSERT INTO PERMISSION (ID, ENTITY, OPERATION, ROLE_ID) VALUES ('dc855287-9ebc-45b3-abc6-208e213ff90f', 'PRODUCT', 'UPDATE', 'c02a5e9c-32c6-47c3-85ab-477d644d0ece');
INSERT INTO PERMISSION (ID, ENTITY, OPERATION, ROLE_ID) VALUES ('9a4054f5-0988-42c7-bd8d-8987d2b61b06', 'PRODUCT', 'DELETE', 'c02a5e9c-32c6-47c3-85ab-477d644d0ece');
INSERT INTO PERMISSION (ID, ENTITY, OPERATION, ROLE_ID) VALUES ('b4245cbd-db81-4a6a-ac07-d375fb201ac7', 'PRODUCT', 'DELETE', '0f889f18-b9a5-422b-a9e7-ad58d3d55c2f');
INSERT INTO PERMISSION (ID, ENTITY, OPERATION, ROLE_ID) VALUES ('8897aa8b-4cfe-4d5c-bfe6-31db474742ce', 'PRODUCT', 'UPDATE', '0f889f18-b9a5-422b-a9e7-ad58d3d55c2f');
INSERT INTO PERMISSION (ID, ENTITY, OPERATION, ROLE_ID) VALUES ('160d4f0c-b0c2-4111-a432-0140aaed961d', 'PRODUCT', 'READ', '0f889f18-b9a5-422b-a9e7-ad58d3d55c2f');
INSERT INTO PERMISSION (ID, ENTITY, OPERATION, ROLE_ID) VALUES ('8ae70b17-50f5-4a4f-8f4b-0aed496adc00', 'PRODUCT', 'CREATE', '0f889f18-b9a5-422b-a9e7-ad58d3d55c2f');
INSERT INTO PERMISSION (ID, ENTITY, OPERATION, ROLE_ID) VALUES ('a4b56dba-d7a7-4c0a-894e-5307335537be', 'PRODUCT', 'CREATE', '348aebd8-5148-4d3a-b7d4-e846167037c5');
INSERT INTO PERMISSION (ID, ENTITY, OPERATION, ROLE_ID) VALUES ('231c0cba-a6e1-4ed3-8b31-86b63370f8ed', 'PRODUCT', 'READ', '348aebd8-5148-4d3a-b7d4-e846167037c5');
INSERT INTO PERMISSION (ID, ENTITY, OPERATION, ROLE_ID) VALUES ('41896957-73ff-46da-a8a9-9f51bd71e80a', 'PRODUCT', 'UPDATE', '348aebd8-5148-4d3a-b7d4-e846167037c5');
INSERT INTO PERMISSION (ID, ENTITY, OPERATION, ROLE_ID) VALUES ('ba2d6726-6e78-4d95-acae-bcf2f4455aed', 'PRODUCT', 'UPDATE', '95f73aee-8753-46a4-bea0-e4526b33b39d');
INSERT INTO PERMISSION (ID, ENTITY, OPERATION, ROLE_ID) VALUES ('6068ed18-5903-4ea2-8613-a03b2e59763d', 'PRODUCT', 'READ', '95f73aee-8753-46a4-bea0-e4526b33b39d');
INSERT INTO PERMISSION (ID, ENTITY, OPERATION, ROLE_ID) VALUES ('65106666-bde0-473f-af61-dbf74313a1e4', 'PRODUCT', 'CREATE', '95f73aee-8753-46a4-bea0-e4526b33b39d');
INSERT INTO PERMISSION (ID, ENTITY, OPERATION, ROLE_ID) VALUES ('e90bf2ff-7652-4ca2-b34a-ac16b4965e97', 'PRODUCT', 'READ', '84cdc680-2b5c-40f5-b780-2e0554154588');
INSERT INTO PERMISSION (ID, ENTITY, OPERATION, ROLE_ID) VALUES ('3ee28806-ee62-4fd7-8fb6-3dd5be6e1ab8', 'PRODUCT', 'READ', 'ac46964d-7c9e-4b1d-8dca-0126163774d6');
INSERT INTO PRODUCTSHARINGSTATEMENT (ID, SHARINGORGID, ACCESSINGORGID, QUANTITY, RELATION, APPROVED, PRICE, ROLE_ID) VALUES ('be711963-981f-42ce-b4b9-b41642fb1723', 'bf14e48c-da8b-42a7-a410-4e3432974733', '7d715ffb-5f3f-4d56-b1dc-77a8388b67fd', 10, 'GT', 1, null, 'c02a5e9c-32c6-47c3-85ab-477d644d0ece');
INSERT INTO PRODUCTSHARINGSTATEMENT (ID, SHARINGORGID, ACCESSINGORGID, QUANTITY, RELATION, APPROVED, PRICE, ROLE_ID) VALUES ('31092b1c-3a8f-4210-a931-adb4ff0531cf', 'bf14e48c-da8b-42a7-a410-4e3432974733', '7d715ffb-5f3f-4d56-b1dc-77a8388b67fd', 10, 'LT', 1, null, 'ac46964d-7c9e-4b1d-8dca-0126163774d6');
INSERT INTO USERS (USERNAME, PASSWORD, ENABLED) VALUES ('pera@peramail.com', 'b85e422ca68a294c154138d92e8b5cbb3487bbf53adc5129aaf0c0e6b74ffe3d', 1);
INSERT INTO AUTHORITIES (USERNAME, AUTHORITY) VALUES ('pera@peramail.com', 'ROLE_ADMIN');
